{
  "kind": "collectionType",
  "collectionName": "bookings",
  "info": { "singularName": "booking", "pluralName": "bookings", "displayName": "Booking" },
  "options": { "draftAndPublish": false },
  "attributes": {
    "lead": { "type": "relation", "relation": "oneToOne", "target": "api::lead.lead" },
    "service": { "type": "string" },
    "pnr": { "type": "string" },
    "amount": { "type": "decimal" },
    "status": { "type": "enumeration", "enum": ["pending", "confirmed", "cancelled"], "default": "pending" },
    "meta": { "type": "json" }
  }
}
