{
  "kind": "collectionType",
  "collectionName": "leads",
  "info": {
    "singularName": "lead",
    "pluralName": "leads",
    "displayName": "Lead"
  },
  "options": {
    "draftAndPublish": false
  },
  "attributes": {
    "name": { "type": "string" },
    "phone": { "type": "string" },
    "email": { "type": "string" },
    "service": { "type": "string" },
    "message": { "type": "text" },
    "source": { "type": "string" },
    "status": { "type": "enumeration", "enum": ["new", "contacted", "converted", "lost"], "default": "new" },
    "assigned_to": { "type": "string" }
  }
}
